<?xml version="1.0" encoding="UTF-8"?>
<project-private xmlns="http://www.netbeans.org/ns/project-private/1">
    <editor-bookmarks xmlns="http://www.netbeans.org/ns/editor-bookmarks/2" lastBookmarkId="0"/>
    <open-files xmlns="http://www.netbeans.org/ns/projectui-open-files/2">
        <group>
            <file>file:/home/mostafa/NetBeansProjects/fileserver_distributed_server/src/fileserver_distributed/login.java</file>
            <file>file:/home/mostafa/NetBeansProjects/fileserver_distributed_server/src/fileserver_distributed/Register.java</file>
            <file>file:/home/mostafa/NetBeansProjects/fileserver_distributed_server/src/fileserver_distributed/server_runing.java</file>
            <file>file:/home/mostafa/NetBeansProjects/fileserver_distributed_server/src/fileserver_distributed/Fileserver_distributed.java</file>
            <file>file:/home/mostafa/NetBeansProjects/fileserver_distributed_server/src/fileserver_distributed/Home.java</file>
            <file>file:/home/mostafa/NetBeansProjects/fileserver_distributed_server/src/fileserver_distributed/saveForm.java</file>
        </group>
    </open-files>
</project-private>
